# refreshed_at	name	stacked	active_subs
2026-07-27T09:36:31.584Z	Scoresby	274245	AMA
2026-07-27T09:36:31.584Z	k00b	265527	bitcoin,meta,nostr,tech
2026-07-27T09:36:31.584Z	BlokchainB	79808	Stacker_Stocks,history,Construction_and_Engineering
2026-07-27T09:36:31.584Z	Undisciplined	79777	econ
2026-07-27T09:36:31.584Z	0xbitcoiner	62056	
2026-07-27T09:36:31.584Z	guerratotal	54210	AskSN
2026-07-27T09:36:31.584Z	grayruby	41258	Stacker_Sports
2026-07-27T09:36:31.584Z	davidw	38060	privacy
2026-07-27T09:36:31.584Z	SimpleStacker	36319	math
2026-07-27T09:36:31.584Z	robin_linus	31691	
2026-07-27T09:36:31.584Z	login	28294	
2026-07-27T09:36:31.584Z	wackster	27477	
2026-07-27T09:36:31.584Z	schmidty	25109	
2026-07-27T09:36:31.584Z	Aardvark	24123	
2026-07-27T09:36:31.584Z	billytheked	23978	the_stacker_muse
2026-07-27T09:36:31.584Z	nout	22506	tutorials,gaming
2026-07-27T09:36:31.584Z	Coinsreporter	21690	
2026-07-27T09:36:31.584Z	Bell_curve	19727	bitcoin_Mining
2026-07-27T09:36:31.584Z	lontivero	19710	
2026-07-27T09:36:31.584Z	AG	19171	
